URL,Date,,,,,,,,
https://newworldtrending.com/blog/36/harshvardhan-verma-ayodhyawale-unveiling-the-story-of-a-young-creator ,,,,,,,,,
https://newworldtrending.com/IIT_Teachers/Prashant_Kirad.html ,,,,,,,,,
https://newworldtrending.com/Unacademy_Teachers/Abhay_Agrawal.html ,,,,,,,,,
https://newworldtrending.com/Unacademy_Teachers/Aditya_Kumar.html ,,,,,,,,,
https://newworldtrending.com/Unacademy_Teachers/Ajay_Singh.html ,,,,,,,,,
https://newworldtrending.com/Unacademy_Teachers/Amit_Gupta.html ,,,,,,,,,
https://newworldtrending.com/Unacademy_Teachers/Brijesh_Jindal.html ,,,,,,,,,
https://newworldtrending.com/Unacademy_Teachers/Manoj_Chauhan.html ,,,,,,,,,
https://newworldtrending.com/Unacademy_Teachers/Mohammad_Kashif.html ,,,,,,,,,
https://newworldtrending.com/Unacademy_Teachers/Mohit_Bhargava.html ,,,,,,,,,
https://newworldtrending.com/Unacademy_Teachers/OM_Sharma.html ,,,,,,,,,
https://newworldtrending.com/Unacademy_Teachers/Paaras_Thakur.html ,,,,,,,,,
https://newworldtrending.com/Unacademy_Teachers/Piyush_Maheshwari.html ,,,,,,,,,
https://newworldtrending.com/Unacademy_Teachers/Prashant_Jain.html ,,,,,,,,,
https://newworldtrending.com/Unacademy_Teachers/Prateek_Jain.html ,,,,,,,,,
https://newworldtrending.com/Unacademy_Teachers/Praveen_Kumar.html ,,,,,,,,,
https://newworldtrending.com/Unacademy_Teachers/Tushar.html ,,,,,,,,,
https://newworldtrending.com/Unacademy_Teachers/Devraj.html ,,,,,,,,,
https://newworldtrending.com/Unacademy_Teachers/Manoj_Choudhary.html ,,,,,,,,,
https://newworldtrending.com/Unacademy_Teachers/Monica_Bedi.html ,,,,,,,,,
https://newworldtrending.com/Unacademy_Teachers/Namo_Kaul.html ,,,,,,,,,
https://newworldtrending.com/blog/46/sitharaman-tells-public-sector-banks-to-crackdown-against-frauds-and-wilful-defaults ,,,,,,,,,
https://newworldtrending.com/blog/48/isro--lanch--xposat--nasa,,,,,,,,,
https://world.blog.newworldtrending.com/blog/52/who-is-ajju-bhai ,,,,,,,,,
https://newworldtrending.com/blog/54/ajju-bhai-unveiling-the-gaming-maestros-journey-total-gaming-face-reveal-achievements-and-more ,,,,,,,,,
https://newworldtrending.com/Gamer/Ajendra_Variya.html ,,,,,,,,,
https://newworldtrending.com/Upp_Teachers/Ankit_Bhati.html ,,,,,,,,,
https://newworldtrending.com/Upp_Teachers/Vivek_Kumar.html ,,,,,,,,,
https://world.blog.newworldtrending.com/blog/55/white444s-free-fire-stats-wins-kills-and-youtube-stardom ,,,,,,,,,
https://newworldtrending.com/Upp_Teachers/Arun_Kumar.html ,,,,,,,,,
https://newworldtrending.com/Upp_Teachers/Kumar_Gaurav.html ,,,,,,,,,
https://newworldtrending.com/blog/56/free-fire-50000-diamonds-hack-for-free-without-human-verification ,,,,,,,,,
https://newworldtrending.com/blog/58/philadelphia-76ers-hub-breaking-news-exciting-videos-full-schedule-updated-roster-and-key-stats ,,,,,,,,,
https://newworldtrending.com/blog/59/lakers--breaking-news-videos-schedule-and-stats ,,,,,,,,,
https://world.blog.newworldtrending.com/blog/60/ca-foundation-december-result-2023--pass-percentage ,,,,,,,,,
https://newworldtrending.com/blog/75/prabhu-prem-bhushan-ji-maharaj-biography-bhajan-wikipedia-religion-career-family-wife-children-achievements-and-more ,,,,,,,,,
https://newworldtrending.com/blog/74/prabhu-rajan-ji-maharaj-biography-bhajan-wikipedia-religion-career-family-wife-children-achievements-and-more ,,,,,,,,,
https://newworldtrending.com/blog/70/ca-sakchi-jains-net-worth-age-salary-born-place ,,,,,,,,,
https://newworldtrending.com/blog/76/ca-palak-rathi-photos-videos-biography-net-worth-achievement-salary-job-blogs-news ,,,,,,,,,
https://newworldtrending.com/blog/79/ca-bhagyashree-thakkar-photos-videos-biography-net-worth-achievement-salary-job-blogs-news ,,,,,,,,,
https://newworldtrending.com/blog/80/prabhu-premanand-ji-maharaj-biography-bhajan-wikipedia-religion-career-family-wife-children-achievements-and-more ,,,,,,,,,
https://newworldtrending.com/blog/81/ca-twinkle-jain-photos-videos-biography-net-worth-achievement-salary-job-blogs-news ,,,,,,,,,
https://newworldtrending.com/blog/84/ca-shreya-jaiswal-photos-videos-biography-net-worth-achievement-salary-job-blogs-news ,,,,,,,,,
https://newworldtrending.com/blog/83/punjab-national-bank-q3-results ,,,,,,,,,
https://newworldtrending.com/Football_Players/Cristiano_Ronaldo.html ,,,,,,,,,
https://newworldtrending.com/Football_Players/Kylian_Mbappe_Lottin.html ,,,,,,,,,
https://newworldtrending.com/Football_Players/Lionel_Messi.html ,,,,,,,,,
https://newworldtrending.com/Football_Players/Notti_Osama.html ,,,,,,,,,
https://newworldtrending.com/blog/86/ca-isha-jaiswal-photos-videos-biography-net-worth-achievement-salary-job-blogs-news ,,,,,,,,,
https://newworldtrending.com/blog/87/anushka-rathod--financial-influencer-photos-videos-biography-net-worth-achievement-salary-job-blogs-news ,,,,,,,,,
https://newworldtrending.com/blog/89/chahal-verma--financial-influencer-photos-videos-biography-net-worth-achievement-salary-job-blogs-news ,,,,,,,,,
https://newworldtrending.com/blog/95/preet-ghanani--financial-influencer-photos-videos-biography-net-worth-achievement-salary-job-blogs-news ,,,,,,,,,
https://newworldtrending.com/blog/95/preet-ghanani--financial-influencer-photos-videos-biography-net-worth-achievement-salary-job-blogs-news ,,,,,,,,,
https://newworldtrending.com/blog/96/sakshi-gaur-influencer-photos-videos-biography-net-worth-achievement-salary-job-blogs ,,,,,,,,,
https://newworldtrending.com/blog/97/ca-rachana-ranade-photos-videos-biography-net-worth-achievement-salary-job-blogs ,,,,,,,,,
https://newworldtrending.com/blog/98/ca-neha-datta-photos-videos-biography-net-worth-achievement-salary-job-blogs ,,,,,,,,,
https://newworldtrending.com/blog/99/ice-spice-height-weight-age-body-statistics,,,,,,,,,
https://newworldtrending.com/blog/102/ca-mahima-vachhrajani-photos-videos-biography-net-worth-achievement-salary-job-blogs,,,,,,,,,
https://newworldtrending.com/blog/103/himani-chaudhary-photos-videos-biography-net-worth-achievement-salary-job-blogs,,,,,,,,,
https://newworldtrending.com/blog/61/chaithania-prakash-age-wiki-family-movies-biography,,,,,,,,,
https://newworldtrending.com/blog/66/samreen-ali-biography-dancer-age-husband-net-worth,,,,,,,,,
https://newworldtrending.com/blog/67/ayesha-khan-age-net-worth-bigg-boss-munawar-boyfriend-family-height-religion-bio,,,,,,,,,
https://newworldtrending.com/blog/35/100-best-trading-blogs-and-websites,,,,,,,,,
https://newworldtrending.com/blog/54/ajju-bhai-unveiling-the-gaming-maestros-journey---total-gaming-face-reveal-achievements-and-more,,,,,,,,,
https://newworldtrending.com/blog/69/palak-tiwari-age-height-husband-boyfriend-family-net-worth-biography--more,,,,,,,,,
https://newworldtrending.com/blog/68/olivia-sparkle-actress-wiki-bio-age-height-weight-photos-career-videos-and-more,,,,,,,,,
https://newworldtrending.com/blog/104/bageshwar-dham-sarkar-dhirendra-krishna-shastri-age-family-biography--more,,,,,,,,,
https://newworldtrending.com/blog/105/morari-bapu-wiki-age-wife-caste-children-family-biography--more-,,,,,,,,,
https://newworldtrending.com/blog/100/chandralekha-mittemari-photos-videos-biography-net-worth-achievement-salary-job-blogs,,,,,,,,,
https://newworldtrending.com/blog/101/big-boss-hindi-season-17-winner--munawar-faruqui-runner-up-list-big-boss-17-winner-,,,,,,,,,
,,,,,,,,,
,,,,,,,,,
,,,,,,,,,
,,,,,,,,,
,,,,,,,,,
,,,,,,,,,
,,,,,,,,,
,,,,,,,,,
,,,,,,,,,
,,,,,,,,,
,,,,,,,,,
,,,,,,,,,
,,,,,,,,,
,,,,,,,,,
,,,,,,,,,
,,,,,,,,,
,,,,,,,,,
,,,,,,,,,
,,,,,,,,,
,,,,,,,,,
,,,,,,,,,
,,,,,,,,,
,,,,,,,,,
,,,,,,,,,
,,,,,,,,,
,,,,,,,,,
,,,,,,,,,
,,,,,,,,,
,,,,,,,,,
