URL,Date
https://newworldtrending.com/blog/173/tyson-ritter-age-net-worth-wife-family--biography-photos--instagram--youtube-and-more,
https://newworldtrending.com/blog/154/charting-inspiration-father-son-make-history-at-icai--india ,
https://newworldtrending.com/blog/156/aadhar-housing-finance-supported-by-blackstone-has-reapplied-to-go-public-with-an-initial-public-offering-ipo-worth-5000-crore ,
https://newworldtrending.com/blog/157/ca-foundation-result-date-out-december-2023-pass---percentage-result-date-news ,
https://newworldtrending.com/blog/155/shreya-kapoor-photos-videos-biography-net-worth-achievement-salary-job-news ,
https://newworldtrending.com/blog/158/ankit-awasthi-photos-videos-biography-net-worth-achievement-salary-job-blogs ,
https://newworldtrending.com/blog/159/morgan-stanley-pte-bought-5-million-shares-of-paytm-at-48720-each-in-a-block-deal ,
https://newworldtrending.com/blog/160/tata-motors-third-quarter-results-show-a-big-jump-in-net-profit-soaring-by-137-to-7025-crore-with-revenue-also-rising-by-25-compared-to-last-year-here-are-five-important-points-from-the-report ,
https://newworldtrending.com/blog/161/nidhi-nagori-photos-videos-biography-net-worth-achievement-salary-job-news-blog ,
https://newworldtrending.com/blog/162/andrew-ng-net-worth-age-wife--instagram-courses-kids-weight-bio-wiki ,
https://newworldtrending.com/blog/119/ashley-cole-agebiographymore,
https://newworldtrending.com/blog/60/ca-foundation-december-result-2023--pass-percentage ,
https://newworldtrending.com/blog/75/prabhu-prem-bhushan-ji-maharaj-biography-bhajan-wikipedia-religion-career-family-wife-children-achievements-and-more ,
https://newworldtrending.com/blog/74/prabhu-rajan-ji-maharaj-biography-bhajan-wikipedia-religion-career-family-wife-children-achievements-and-more ,
https://newworldtrending.com/blog/70/ca-sakchi-jains-net-worth-age-salary-born-place ,
https://newworldtrending.com/blog/76/ca-palak-rathi-photos-videos-biography-net-worth-achievement-salary-job-blogs-news ,
https://newworldtrending.com/blog/79/ca-bhagyashree-thakkar-photos-videos-biography-net-worth-achievement-salary-job-blogs-news ,
https://newworldtrending.com/blog/80/prabhu-premanand-ji-maharaj-biography-bhajan-wikipedia-religion-career-family-wife-children-achievements-and-more ,
https://newworldtrending.com/blog/81/ca-twinkle-jain-photos-videos-biography-net-worth-achievement-salary-job-blogs-news ,
https://newworldtrending.com/blog/84/ca-shreya-jaiswal-photos-videos-biography-net-worth-achievement-salary-job-blogs-news ,
https://newworldtrending.com/blog/83/punjab-national-bank-q3-results ,
https://newworldtrending.com/Football_Players/Cristiano_Ronaldo.html ,
https://newworldtrending.com/Football_Players/Kylian_Mbappe_Lottin.html ,
https://newworldtrending.com/Football_Players/Lionel_Messi.html ,
https://newworldtrending.com/Football_Players/Notti_Osama.html ,
https://newworldtrending.com/blog/86/ca-isha-jaiswal-photos-videos-biography-net-worth-achievement-salary-job-blogs-news ,
https://newworldtrending.com/blog/87/anushka-rathod--financial-influencer-photos-videos-biography-net-worth-achievement-salary-job-blogs-news ,
https://newworldtrending.com/blog/89/chahal-verma--financial-influencer-photos-videos-biography-net-worth-achievement-salary-job-blogs-news ,
https://newworldtrending.com/blog/95/preet-ghanani--financial-influencer-photos-videos-biography-net-worth-achievement-salary-job-blogs-news ,
https://newworldtrending.com/blog/95/preet-ghanani--financial-influencer-photos-videos-biography-net-worth-achievement-salary-job-blogs-news ,
https://newworldtrending.com/blog/99/ice-spice-height-weight-age-body-statistics,
https://newworldtrending.com/blog/102/ca-mahima-vachhrajani-photos-videos-biography-net-worth-achievement-salary-job-blogs,
https://newworldtrending.com/blog/103/himani-chaudhary-photos-videos-biography-net-worth-achievement-salary-job-blogs,
https://newworldtrending.com/blog/61/chaithania-prakash-age-wiki-family-movies-biography,
https://newworldtrending.com/blog/66/samreen-ali-biography-dancer-age-husband-net-worth,
https://newworldtrending.com/blog/67/ayesha-khan-age-net-worth-bigg-boss-munawar-boyfriend-family-height-religion-bio,
https://newworldtrending.com/blog/35/100-best-trading-blogs-and-websites,
https://newworldtrending.com/blog/54/ajju-bhai-unveiling-the-gaming-maestros-journey---total-gaming-face-reveal-achievements-and-more,
https://newworldtrending.com/blog/36/harshvardhan-verma-ayodhyawale-unveiling-the-story-of-a-young-creator ,
https://newworldtrending.com/blog/68/olivia-sparkle-actress-wiki-bio-age-height-weight-photos-career-videos-and-more,
https://newworldtrending.com/blog/104/bageshwar-dham-sarkar-dhirendra-krishna-shastri-age-family-biography--more,
https://newworldtrending.com/blog/105/morari-bapu-wiki-age-wife-caste-children-family-biography--more-,
https://newworldtrending.com/blog/100/chandralekha-mittemari-photos-videos-biography-net-worth-achievement-salary-job-blogs,
https://newworldtrending.com/blog/101/big-boss-hindi-season-17-winner--munawar-faruqui-runner-up-list-big-boss-17-winner-,
https://newworldtrending.com/blog/102/ca-mahima-vachhrajani-photos-videos-biography-net-worth-achievement-salary-job-blogs ,
https://newworldtrending.com/blog/103/himani-chaudhary-photos-videos-biography-net-worth-achievement-salary-job-blogs ,
https://newworldtrending.com/blog/106/nirmala-sitharaman-to-become-the-second-finance-minister-to-present-the-union-budget-six-times-in-a-row---know--about-budget-fact-and-nirmala-sitharaman ,
https://newworldtrending.com/blog/107/monica-malik-photos-videos-biography-net-worth-achievement-salary-job-blogs ,
https://newworldtrending.com/blog/108/house-of-growth-photos-shubhra-photos-videos-biography-net-worth-achievement-salary-job-blogs ,
https://newworldtrending.com/blog/109/neha-nagar-photos-videos-biography-net-worth-achievement-salary-job-blogs ,
https://newworldtrending.com/blog/110/tata-motors-is-now-the-top-valued-car-company-in-india-beating-maruti-suzuki ,
https://newworldtrending.com/blog/111/nidhi-nagar-photos-videos-biography-net-worth-achievement-salary-job-blogs ,
https://newworldtrending.com/blog/112/jaya-kishori-ji-biography-wiki-age-net-worth-family-height--more' ,
https://newworldtrending.com/blog/113/jaggi-vasudev-wiki-age-wife-caste-children-family-biography--more-,
https://newworldtrending.com/blog/114/ca-anamika-rana-photos-videos-biography-net-worth-achievement-salary-job-blogs ,
https://newworldtrending.com/blog/115/cs-soumya-jain-photos-videos-biography-net-worth-achievement-salary-job-blogs ,
https://newworldtrending.com/blog/116/ca-mahalakshmi-c-photos-videos-biography-net-worth-achievement-salary-job-blogs ,
https://newworldtrending.com/blog/127/ca-nikita-jindal-photos-videos-biography-net-worth-achievement-salary-job-blogs ,
https://newworldtrending.com/blog/130/apple-vision-pro-price-release-date-and-everything-we-know-about-the-vr-headset ,
https://newworldtrending.com/blog/129/what-to-know-about-elon-musks-neuralink-which-put-an-implant-into-a-human-brain-like-movies,
https://newworldtrending.com/blog/134/pooja-patel-photos-videos-biography-net-worth-achievement-salary-job-blogs ,
https://newworldtrending.com/blog/135/ca-aniket-talati-photos-videos-biography-net-worth-achievement-salary-job-icai-president ,
https://newworldtrending.com/blog/136/saheli-chatterjee-photos-videos-biography-net-worth-achievement-salary-job-news ,
https://newworldtrending.com/blog/142/brahmi-kapasi-photos-videos-biography-net-worth-achievement-salary-job-news ,
https://newworldtrending.com/blog/128/leonardo-bonucc-age-biography-more- ,
https://newworldtrending.com/blog/117/andrea-pirlo-agebiographymore ,
https://newworldtrending.com/blog/118/andres-iniesta-agebiographymore ,
https://newworldtrending.com/blog/119/ashley-cole-agebiographymore ,
https://newworldtrending.com/blog/120/diego-forlan-agebiographymore ,
https://newworldtrending.com/blog/121/ede-hazard-agebiographymore ,
https://newworldtrending.com/blog/122/ezequiel-lavezzi-agebiographymore ,
https://newworldtrending.com/blog/123/gerard-pique-agebiographymore ,
https://newworldtrending.com/blog/124/javier-pastore-agebiographymore- ,
https://newworldtrending.com/blog/125/john-terry-agebiographymore ,
https://newworldtrending.com/blog/126/jordi-alba-agebiographymore ,
https://newworldtrending.com/blog/131/luis-suarez-agebiographymor ,
https://newworldtrending.com/blog/132/manuel-neuer-agebiographymore ,
https://newworldtrending.com/blog/133/marco-reus-agebiographymore ,
https://newworldtrending.com/blog/137/marek-hamsik-agebiographymore ,
https://newworldtrending.com/blog/138/mats-hummels-agebiographymore ,
https://newworldtrending.com/blog/139/moussa-dembele-agebiographymore ,
https://newworldtrending.com/blog/140/neymar-agebiographymore ,
https://newworldtrending.com/blog/141/paulinho-agebiographymore ,
https://newworldtrending.com/blog/143/pepe-agebiographymore ,
https://newworldtrending.com/blog/144/santi-cazorla-agebiographymore ,
https://newworldtrending.com/blog/145/toni-kroos-agebiographymore ,
https://newworldtrending.com/blog/146/wesley-sneijder-agebiographymore ,
https://newworldtrending.com/blog/147/xavi-agebiographymore ,
https://newworldtrending.com/blog/148/yaya-toure-agebiographymore ,
https://newworldtrending.com/blog/149/anushri-ladhaa-photos-videos-biography-net-worth-achievement-salary-job-news ,
https://newworldtrending.com/blog/153/ramsha-sultan-khan-photos-videos-biography-net-worth-nationality-achievement-salary-job-news ,
https://newworldtrending.com/blog/163/tata-motors-is-getting-busy-building-a-gigafactory-in-the-uk,
https://newworldtrending.com/blog/164/vaishnavi-maganti-photos-myeverdayinvestor-videos-biography-net-worth-achievement-salary-job-news,
https://newworldtrending.com/blog/165/srishti-gosavi-photos-nerd_in_you-videos-biography-net-worth-achievement-salary-job-news,
https://newworldtrending.com/blog/166/ashna-tolkar-photos-themoneylancer-videos-biography-net-worth-achievement-salary-job-news,
https://newworldtrending.com/blog/167/the-indian-economy-is-expected-to-grow-at-a-rate-of-67-between-the-fiscal-years-2024-and-2031-according-to-crisil,
https://newworldtrending.com/blog/168/billie-eilish-wikiinstagram-photosvideos-biography-age-height-weight-husband-boyfriend-family-net-worth,
https://newworldtrending.com/blog/169/who-is-kahhori-in-the-mcu-what-if-season-2-introduces-new-mohawk-superhero,
https://newworldtrending.com/blog/163/tata-motors-is-getting-busy-building-a-gigafactory-in-the-uk,
https://newworldtrending.com/blog/164/vaishnavi-maganti-photos-myeverdayinvestor-videos-biography-net-worth-achievement-salary-job-news,
https://newworldtrending.com/blog/164/vaishnavi-maganti-photos-myeverdayinvestor-videos-biography-net-worth-achievement-salary-job-news,
https://newworldtrending.com/blog/165/srishti-gosavi-photos-nerd_in_you-videos-biography-net-worth-achievement-salary-job-news,
https://newworldtrending.com/blog/166/ashna-tolkar-photos-themoneylancer-videos-biography-net-worth-achievement-salary-job-news,
https://newworldtrending.com/blog/167/the-indian-economy-is-expected-to-grow-at-a-rate-of-67-between-the-fiscal-years-2024-and-2031-according-to-crisil,
https://newworldtrending.com/blog/170/tori-dunlap-photos-herfirst100k-videos-books-business-woman-biography-net-worth-achievement-salary-job-news,
https://newworldtrending.com/blog/172/haley-sacks-photos-videos-books-business-woman-biography-net-worth-achievement-salary-job-news,
https://newworldtrending.com/blog/181/ca-foundation-result-time-out-by-icai-december-2023-pass---percentage-result-date-news,
https://newworldtrending.com/blog/179/kanika-devrani-photos-videos-biography-net-worth-boyfriend-achievement-salary-job-news,
https://newworldtrending.com/blog/177/virat-kohli-and-anushka-sharma-expecting-their-2nd-child-reveals-ab-de-villiers-fans-excited-for-junior-kohli,
https://newworldtrending.com/blog/176/erin-lowry-photos-brokemillennialblog-videos-books-business-woman-biography-net-worth-achievement-salary-job-news,
https://newworldtrending.com/blog/175/berna-anat-photos-heyberna-videos-books-business-woman-biography-net-worth-achievement-salary-job-news,
https://newworldtrending.com/blog/174/tiffany-aliche-photos-videos-books-business-woman-biography-net-worth-achievement-salary-job-news,
https://newworldtrending.com/blog/172/haley-sacks-photos-videos-books-business-woman-biography-net-worth-achievement-salary-job-news,
https://newworldtrending.com/blog/167/the-indian-economy-is-expected-to-grow-at-a-rate-of-67-between-the-fiscal-years-2024-and-2031-according-to-crisil,
